id,kode_prodi,nama_prodi,nama_prodi_en,jenjang,rumpun,ptn_id,ptn_nama,ptn_kota,ptn_provinsi,ptn_klaster,akreditasi,snbp_daya_tampung,snbp_peminat_2024,snbp_peminat_2023,snbp_peminat_2022,snbp_keketatan_persen,snbp_rasio,snbp_kategori,snbt_daya_tampung,snbt_peminat_2024,snbt_peminat_2023,snbt_peminat_2022,snbt_keketatan_persen,snbt_rasio,snbt_kategori
ugm-ilmu-komunikasi,341012,Ilmu Komunikasi,Communication Studies,S1,Soshum,UGM,Universitas Gadjah Mada,Sleman / Yogyakarta,D.I. Yogyakarta,PTN-BH,Unggul,24,2480,2350,2220,0.97,1 : 103,Sangat Ketat,40,3980,3780,3610,1.01,1 : 100,Sangat Ketat
ipb-kedokteran,322003,Kedokteran,Medicine,S1,Saintek,IPB,IPB University,Bogor,Jawa Barat,PTN-BH,Unggul,20,1480,1380,1290,1.35,1 : 74,Sangat Ketat,35,2890,2740,2610,1.21,1 : 83,Sangat Ketat
ui-ilmu-komunikasi,311012,Ilmu Komunikasi,Communication Studies,S1,Soshum,UI,Universitas Indonesia,Depok,Jawa Barat / DKI Jakarta,PTN-BH,Unggul,28,2120,1990,1870,1.32,1 : 76,Sangat Ketat,45,3580,3410,3240,1.26,1 : 80,Sangat Ketat
ui-hubungan-internasional,311013,Hubungan Internasional,International Relations,S1,Soshum,UI,Universitas Indonesia,Depok,Jawa Barat / DKI Jakarta,PTN-BH,Unggul,18,1340,1270,1190,1.34,1 : 74,Sangat Ketat,30,2290,2180,2070,1.31,1 : 76,Sangat Ketat
ugm-teknik-informatika,341002,Teknik Informatika,Informatics / Computer Science,S1,Saintek,UGM,Universitas Gadjah Mada,Sleman / Yogyakarta,D.I. Yogyakarta,PTN-BH,Unggul,30,1890,1780,1670,1.59,1 : 63,Sangat Ketat,50,3790,3590,3410,1.32,1 : 76,Sangat Ketat
ugm-hubungan-internasional,341013,Hubungan Internasional,International Relations,S1,Soshum,UGM,Universitas Gadjah Mada,Sleman / Yogyakarta,D.I. Yogyakarta,PTN-BH,Unggul,24,1680,1590,1510,1.43,1 : 70,Sangat Ketat,40,2790,2650,2530,1.43,1 : 70,Sangat Ketat
ui-teknik-informatika,311002,Teknik Informatika,Informatics / Computer Science,S1,Saintek,UI,Universitas Indonesia,Depok,Jawa Barat / DKI Jakarta,PTN-BH,Unggul,27,1460,1380,1290,1.85,1 : 54,Sangat Ketat,45,3120,2980,2810,1.44,1 : 69,Sangat Ketat
unpad-teknik-informatika,331002,Teknik Informatika,Informatics / Computer Science,S1,Saintek,UNPAD,Universitas Padjadjaran,Sumedang / Bandung,Jawa Barat,PTN-BH,Unggul,35,2280,2160,2040,1.54,1 : 65,Sangat Ketat,60,3980,3780,3590,1.51,1 : 66,Sangat Ketat
unpad-ilmu-komunikasi,331007,Ilmu Komunikasi,Communication Studies,S1,Soshum,UNPAD,Universitas Padjadjaran,Sumedang / Bandung,Jawa Barat,PTN-BH,Unggul,48,3280,3110,2950,1.46,1 : 68,Sangat Ketat,80,4890,4650,4420,1.64,1 : 61,Sangat Ketat
unpad-psikologi,331004,Psikologi,Psychology,S1,Soshum,UNPAD,Universitas Padjadjaran,Sumedang / Bandung,Jawa Barat,PTN-BH,Unggul,55,3580,3390,3220,1.54,1 : 65,Sangat Ketat,90,5380,5120,4890,1.67,1 : 60,Sangat Ketat
upi-teknik-informatika,333001,Teknik Informatika,Informatics / Computer Science,S1,Saintek,UPI,Universitas Pendidikan Indonesia,Bandung,Jawa Barat,PTN-BH,Unggul,30,1480,1390,1310,2.03,1 : 49,Sangat Ketat,50,2980,2830,2690,1.68,1 : 60,Sangat Ketat
itb-manajemen,332008,Manajemen,Management,S1,Soshum,ITB,Institut Teknologi Bandung,Bandung,Jawa Barat,PTN-BH,Unggul,48,2780,2620,2480,1.73,1 : 58,Sangat Ketat,80,4690,4450,4230,1.71,1 : 59,Sangat Ketat
ipb-ilmu-komunikasi,322005,Ilmu Komunikasi,Communication Studies,S1,Soshum,IPB,IPB University,Bogor,Jawa Barat,PTN-BH,Unggul,30,1820,1720,1630,1.65,1 : 61,Sangat Ketat,50,2890,2750,2620,1.73,1 : 58,Sangat Ketat
unhas-teknik-informatika,711003,Teknik Informatika,Informatics / Computer Science,S1,Saintek,UNHAS,Universitas Hasanuddin,Makassar,Sulawesi Selatan,PTN-BH,Unggul,30,1520,1440,1360,1.97,1 : 51,Sangat Ketat,50,2890,2740,2610,1.73,1 : 58,Sangat Ketat
uns-ilmu-komunikasi,352008,Ilmu Komunikasi,Communication Studies,S1,Soshum,UNS,Universitas Sebelas Maret,Surakarta,Jawa Tengah,PTN-BH,Unggul,35,2180,2060,1960,1.61,1 : 62,Sangat Ketat,60,3450,3280,3120,1.74,1 : 58,Sangat Ketat
itb-teknik-informatika,332001,Teknik Informatika,Informatics / Computer Science,S1,Saintek,ITB,Institut Teknologi Bandung,Bandung,Jawa Barat,PTN-BH,Unggul,50,2680,2520,2390,1.87,1 : 54,Sangat Ketat,85,4850,4610,4390,1.75,1 : 57,Sangat Ketat
upi-ilmu-komunikasi,333005,Ilmu Komunikasi,Communication Studies,S1,Soshum,UPI,Universitas Pendidikan Indonesia,Bandung,Jawa Barat,PTN-BH,Unggul,40,2580,2440,2320,1.55,1 : 64,Sangat Ketat,68,3890,3690,3510,1.75,1 : 57,Sangat Ketat
uns-teknik-informatika,352002,Teknik Informatika,Informatics / Computer Science,S1,Saintek,UNS,Universitas Sebelas Maret,Surakarta,Jawa Tengah,PTN-BH,Unggul,32,1580,1490,1410,2.03,1 : 49,Sangat Ketat,55,3120,2960,2810,1.76,1 : 57,Sangat Ketat
unair-ilmu-komunikasi,381008,Ilmu Komunikasi,Communication Studies,S1,Soshum,UNAIR,Universitas Airlangga,Surabaya,Jawa Timur,PTN-BH,Unggul,35,1980,1870,1770,1.77,1 : 57,Sangat Ketat,55,3080,2930,2800,1.79,1 : 56,Sangat Ketat
itb-sistem-informasi,332002,Sistem Informasi,Information Systems,S1,Saintek,ITB,Institut Teknologi Bandung,Bandung,Jawa Barat,PTN-BH,Unggul,30,1420,1340,1260,2.11,1 : 47,Sangat Ketat,50,2780,2630,2490,1.8,1 : 56,Sangat Ketat
undip-ilmu-komunikasi,351007,Ilmu Komunikasi,Communication Studies,S1,Soshum,UNDIP,Universitas Diponegoro,Semarang,Jawa Tengah,PTN-BH,Unggul,45,2450,2320,2210,1.84,1 : 54,Sangat Ketat,70,3890,3700,3530,1.8,1 : 56,Sangat Ketat
ugm-manajemen,341010,Manajemen,Management,S1,Soshum,UGM,Universitas Gadjah Mada,Sleman / Yogyakarta,D.I. Yogyakarta,PTN-BH,Unggul,45,2670,2520,2390,1.69,1 : 59,Sangat Ketat,75,4150,3960,3790,1.81,1 : 55,Sangat Ketat
itb-desain-komunikasi-visual,332009,Desain Komunikasi Visual,Visual Communication Design (DKV),S1,Soshum,ITB,Institut Teknologi Bandung,Bandung,Jawa Barat,PTN-BH,Unggul,36,1890,1780,1690,1.9,1 : 52,Sangat Ketat,60,3280,3110,2960,1.83,1 : 55,Sangat Ketat
uns-farmasi,352003,Farmasi,Pharmacy,S1,Saintek,UNS,Universitas Sebelas Maret,Surakarta,Jawa Tengah,PTN-BH,Unggul,24,1180,1110,1050,2.03,1 : 49,Sangat Ketat,40,2180,2070,1970,1.83,1 : 54,Sangat Ketat
ui-sistem-informasi,311003,Sistem Informasi,Information Systems,S1,Saintek,UI,Universitas Indonesia,Depok,Jawa Barat / DKI Jakarta,PTN-BH,Unggul,27,1120,1050,980,2.41,1 : 41,Sangat Ketat,45,2450,2310,2190,1.84,1 : 54,Sangat Ketat
undip-farmasi,351003,Farmasi,Pharmacy,S1,Saintek,UNDIP,Universitas Diponegoro,Semarang,Jawa Tengah,PTN-BH,Unggul,25,1280,1210,1140,1.95,1 : 51,Sangat Ketat,42,2280,2160,2050,1.84,1 : 54,Sangat Ketat
upi-psikologi,333003,Psikologi,Psychology,S1,Soshum,UPI,Universitas Pendidikan Indonesia,Bandung,Jawa Barat,PTN-BH,Unggul,50,2890,2740,2610,1.73,1 : 58,Sangat Ketat,85,4580,4350,4150,1.86,1 : 54,Sangat Ketat
undip-teknik-informatika,351002,Teknik Informatika,Informatics / Computer Science,S1,Saintek,UNDIP,Universitas Diponegoro,Semarang,Jawa Tengah,PTN-BH,Unggul,40,1780,1680,1590,2.25,1 : 44,Sangat Ketat,65,3450,3280,3120,1.88,1 : 53,Sangat Ketat
unpad-hubungan-internasional,331008,Hubungan Internasional,International Relations,S1,Soshum,UNPAD,Universitas Padjadjaran,Sumedang / Bandung,Jawa Barat,PTN-BH,Unggul,35,1980,1870,1780,1.77,1 : 57,Sangat Ketat,60,3180,3020,2880,1.89,1 : 53,Sangat Ketat
ui-psikologi,311009,Psikologi,Psychology,S1,Soshum,UI,Universitas Indonesia,Depok,Jawa Barat / DKI Jakarta,PTN-BH,Unggul,54,2870,2720,2580,1.88,1 : 53,Sangat Ketat,90,4650,4420,4210,1.94,1 : 52,Sangat Ketat
ui-kedokteran,311001,Kedokteran,Medicine,S1,Saintek,UI,Universitas Indonesia,Depok,Jawa Barat / DKI Jakarta,PTN-BH,Unggul,45,1820,1690,1580,2.47,1 : 40,Sangat Ketat,75,3840,3680,3450,1.95,1 : 51,Sangat Ketat
unand-teknik-informatika,131003,Teknik Informatika,Informatics / Computer Science,S1,Saintek,UNAND,Universitas Andalas,Padang,Sumatera Barat,PTN-BH,Unggul,28,1290,1220,1150,2.17,1 : 46,Sangat Ketat,48,2450,2320,2210,1.96,1 : 51,Sangat Ketat
unair-sistem-informasi,381004,Sistem Informasi,Information Systems,S1,Saintek,UNAIR,Universitas Airlangga,Surabaya,Jawa Timur,PTN-BH,Unggul,28,1150,1090,1030,2.43,1 : 41,Sangat Ketat,45,2280,2160,2050,1.97,1 : 51,Sangat Ketat
uns-psikologi,352005,Psikologi,Psychology,S1,Soshum,UNS,Universitas Sebelas Maret,Surakarta,Jawa Tengah,PTN-BH,Unggul,55,2980,2820,2680,1.85,1 : 54,Sangat Ketat,90,4580,4350,4140,1.97,1 : 51,Sangat Ketat
usu-teknik-informatika,121003,Teknik Informatika,Informatics / Computer Science,S1,Saintek,USU,Universitas Sumatera Utara,Medan,Sumatera Utara,PTN-BH,Unggul,35,1580,1490,1410,2.22,1 : 45,Sangat Ketat,60,2980,2830,2690,2.01,1 : 50,Sangat Ketat
its-desain-komunikasi-visual,382008,Desain Komunikasi Visual,Visual Communication Design (DKV),S1,Soshum,ITS,Institut Teknologi Sepuluh Nopember,Surabaya,Jawa Timur,PTN-BH,Unggul,28,1120,1050,990,2.5,1 : 40,Ketat,45,2190,2080,1980,2.05,1 : 49,Sangat Ketat
ugm-kedokteran,341001,Kedokteran,Medicine,S1,Saintek,UGM,Universitas Gadjah Mada,Sleman / Yogyakarta,D.I. Yogyakarta,PTN-BH,Unggul,53,2150,2010,1910,2.47,1 : 41,Sangat Ketat,88,4280,4080,3890,2.06,1 : 49,Sangat Ketat
unair-kedokteran,381001,Kedokteran,Medicine,S1,Saintek,UNAIR,Universitas Airlangga,Surabaya,Jawa Timur,PTN-BH,Unggul,50,1980,1870,1780,2.53,1 : 40,Ketat,80,3890,3690,3520,2.06,1 : 49,Sangat Ketat
unpad-manajemen,331006,Manajemen,Management,S1,Soshum,UNPAD,Universitas Padjadjaran,Sumedang / Bandung,Jawa Barat,PTN-BH,Unggul,60,3180,3010,2860,1.89,1 : 53,Sangat Ketat,100,4780,4540,4320,2.09,1 : 48,Sangat Ketat
upi-manajemen,333004,Manajemen,Management,S1,Soshum,UPI,Universitas Pendidikan Indonesia,Bandung,Jawa Barat,PTN-BH,Unggul,60,3120,2960,2810,1.92,1 : 52,Sangat Ketat,100,4780,4540,4320,2.09,1 : 48,Sangat Ketat
uns-manajemen,352007,Manajemen,Management,S1,Soshum,UNS,Universitas Sebelas Maret,Surakarta,Jawa Tengah,PTN-BH,Unggul,55,2780,2640,2510,1.98,1 : 51,Sangat Ketat,90,4290,4070,3880,2.1,1 : 48,Sangat Ketat
itb-arsitektur,332007,Arsitektur,Architecture,S1,Saintek,ITB,Institut Teknologi Bandung,Bandung,Jawa Barat,PTN-BH,Unggul,32,1390,1310,1240,2.3,1 : 43,Sangat Ketat,55,2590,2460,2340,2.12,1 : 47,Sangat Ketat
ipb-manajemen,322004,Manajemen,Management,S1,Soshum,IPB,IPB University,Bogor,Jawa Barat,PTN-BH,Unggul,50,2450,2320,2190,2.04,1 : 49,Sangat Ketat,85,3980,3790,3620,2.14,1 : 47,Sangat Ketat
ugm-psikologi,341008,Psikologi,Psychology,S1,Soshum,UGM,Universitas Gadjah Mada,Sleman / Yogyakarta,D.I. Yogyakarta,PTN-BH,Unggul,68,3420,3250,3080,1.99,1 : 50,Sangat Ketat,110,5120,4890,4670,2.15,1 : 47,Sangat Ketat
usu-kedokteran,121001,Kedokteran,Medicine,S1,Saintek,USU,Universitas Sumatera Utara,Medan,Sumatera Utara,PTN-BH,Unggul,48,1890,1780,1690,2.54,1 : 39,Ketat,80,3680,3490,3320,2.17,1 : 46,Sangat Ketat
usu-psikologi,121006,Psikologi,Psychology,S1,Soshum,USU,Universitas Sumatera Utara,Medan,Sumatera Utara,PTN-BH,Unggul,45,2180,2060,1950,2.06,1 : 48,Sangat Ketat,75,3450,3270,3120,2.17,1 : 46,Sangat Ketat
its-teknik-informatika,382001,Teknik Informatika,Informatics / Computer Science,S1,Saintek,ITS,Institut Teknologi Sepuluh Nopember,Surabaya,Jawa Timur,PTN-BH,Unggul,54,2150,2030,1920,2.51,1 : 40,Ketat,90,4120,3910,3720,2.18,1 : 46,Sangat Ketat
unud-teknik-informatika,511003,Teknik Informatika,Informatics / Computer Science,S1,Saintek,UNUD,Universitas Udayana,Badung / Denpasar,Bali,PTN-BLU,Unggul,30,1180,1110,1050,2.54,1 : 39,Ketat,50,2280,2160,2050,2.19,1 : 46,Sangat Ketat
ipb-teknik-informatika,322001,Teknik Informatika,Informatics / Computer Science,S1,Saintek,IPB,IPB University,Bogor,Jawa Barat,PTN-BH,Unggul,42,1650,1560,1470,2.55,1 : 39,Ketat,70,3180,3020,2880,2.2,1 : 45,Sangat Ketat
upi-sistem-informasi,333002,Sistem Informasi,Information Systems,S1,Saintek,UPI,Universitas Pendidikan Indonesia,Bandung,Jawa Barat,PTN-BH,Unggul,25,980,920,870,2.55,1 : 39,Ketat,42,1890,1790,1710,2.22,1 : 45,Sangat Ketat
ui-farmasi,311004,Farmasi,Pharmacy,S1,Saintek,UI,Universitas Indonesia,Depok,Jawa Barat / DKI Jakarta,PTN-BH,Unggul,24,890,840,790,2.7,1 : 37,Ketat,40,1780,1690,1590,2.25,1 : 44,Sangat Ketat
ugm-akuntansi,341011,Akuntansi,Accounting,S1,Soshum,UGM,Universitas Gadjah Mada,Sleman / Yogyakarta,D.I. Yogyakarta,PTN-BH,Unggul,45,2120,2010,1910,2.12,1 : 47,Sangat Ketat,75,3340,3190,3050,2.25,1 : 45,Sangat Ketat
unhas-kedokteran,711001,Kedokteran,Medicine,S1,Saintek,UNHAS,Universitas Hasanuddin,Makassar,Sulawesi Selatan,PTN-BH,Unggul,55,2080,1960,1860,2.64,1 : 38,Ketat,90,3980,3780,3600,2.26,1 : 44,Sangat Ketat
unpad-kedokteran,331001,Kedokteran,Medicine,S1,Saintek,UNPAD,Universitas Padjadjaran,Sumedang / Bandung,Jawa Barat,PTN-BH,Unggul,55,2180,2050,1940,2.52,1 : 40,Ketat,95,4180,3970,3780,2.27,1 : 44,Sangat Ketat
usu-manajemen,121005,Manajemen,Management,S1,Soshum,USU,Universitas Sumatera Utara,Medan,Sumatera Utara,PTN-BH,Unggul,55,2680,2540,2410,2.05,1 : 49,Sangat Ketat,95,4180,3970,3780,2.27,1 : 44,Sangat Ketat
unair-psikologi,381005,Psikologi,Psychology,S1,Soshum,UNAIR,Universitas Airlangga,Surabaya,Jawa Timur,PTN-BH,Unggul,65,2980,2820,2690,2.18,1 : 46,Sangat Ketat,105,4580,4360,4170,2.29,1 : 44,Sangat Ketat
uns-kedokteran,352001,Kedokteran,Medicine,S1,Saintek,UNS,Universitas Sebelas Maret,Surakarta,Jawa Tengah,PTN-BH,Unggul,45,1680,1590,1490,2.68,1 : 37,Ketat,75,3280,3110,2950,2.29,1 : 44,Sangat Ketat
ub-farmasi,371004,Farmasi,Pharmacy,S1,Saintek,UB,Universitas Brawijaya,Malang,Jawa Timur,PTN-BH,Unggul,35,1480,1390,1320,2.36,1 : 42,Sangat Ketat,60,2590,2460,2340,2.32,1 : 43,Sangat Ketat
unpad-farmasi,331003,Farmasi,Pharmacy,S1,Saintek,UNPAD,Universitas Padjadjaran,Sumedang / Bandung,Jawa Barat,PTN-BH,Unggul,48,1980,1870,1770,2.42,1 : 41,Sangat Ketat,80,3450,3270,3110,2.32,1 : 43,Sangat Ketat
ui-manajemen,311010,Manajemen,Management,S1,Soshum,UI,Universitas Indonesia,Depok,Jawa Barat / DKI Jakarta,PTN-BH,Unggul,60,2540,2410,2290,2.36,1 : 42,Sangat Ketat,100,4210,4020,3860,2.38,1 : 42,Sangat Ketat
itb-teknik-industri,332003,Teknik Industri,Industrial Engineering,S1,Saintek,ITB,Institut Teknologi Bandung,Bandung,Jawa Barat,PTN-BH,Unggul,45,1680,1590,1510,2.68,1 : 37,Ketat,75,3150,2990,2840,2.38,1 : 42,Sangat Ketat
ugm-statistika,341007,Statistika,Statistics / Data Science,S1,Saintek,UGM,Universitas Gadjah Mada,Sleman / Yogyakarta,D.I. Yogyakarta,PTN-BH,Unggul,24,870,820,780,2.76,1 : 36,Ketat,40,1680,1590,1510,2.38,1 : 42,Sangat Ketat
undip-kedokteran,351001,Kedokteran,Medicine,S1,Saintek,UNDIP,Universitas Diponegoro,Semarang,Jawa Tengah,PTN-BH,Unggul,55,1920,1810,1710,2.86,1 : 35,Ketat,90,3780,3590,3420,2.38,1 : 42,Sangat Ketat
its-sistem-informasi,382002,Sistem Informasi,Information Systems,S1,Saintek,ITS,Institut Teknologi Sepuluh Nopember,Surabaya,Jawa Timur,PTN-BH,Unggul,40,1380,1310,1240,2.9,1 : 34,Ketat,65,2680,2540,2420,2.43,1 : 41,Sangat Ketat
ui-kedokteran-gigi,311005,Kedokteran Gigi,Dentistry,S1,Saintek,UI,Universitas Indonesia,Depok,Jawa Barat / DKI Jakarta,PTN-BH,Unggul,20,720,680,630,2.78,1 : 36,Ketat,35,1420,1350,1280,2.46,1 : 41,Sangat Ketat
unand-kedokteran,131001,Kedokteran,Medicine,S1,Saintek,UNAND,Universitas Andalas,Padang,Sumatera Barat,PTN-BH,Unggul,50,1780,1680,1590,2.81,1 : 36,Ketat,85,3450,3270,3110,2.46,1 : 41,Sangat Ketat
ub-kedokteran,371001,Kedokteran,Medicine,S1,Saintek,UB,Universitas Brawijaya,Malang,Jawa Timur,PTN-BH,Unggul,60,2080,1960,1850,2.88,1 : 35,Ketat,100,3980,3780,3590,2.51,1 : 40,Ketat
itb-farmasi,332006,Farmasi,Pharmacy,S1,Saintek,ITB,Institut Teknologi Bandung,Bandung,Jawa Barat,PTN-BH,Unggul,35,1280,1210,1140,2.73,1 : 37,Ketat,60,2380,2250,2140,2.52,1 : 40,Ketat
ub-teknik-informatika,371002,Teknik Informatika,Informatics / Computer Science,S1,Saintek,UB,Universitas Brawijaya,Malang,Jawa Timur,PTN-BH,Unggul,65,2380,2250,2140,2.73,1 : 37,Ketat,110,4280,4060,3870,2.57,1 : 39,Ketat
unand-manajemen,131005,Manajemen,Management,S1,Soshum,UNAND,Universitas Andalas,Padang,Sumatera Barat,PTN-BH,Unggul,55,2280,2160,2050,2.41,1 : 41,Sangat Ketat,95,3680,3490,3320,2.58,1 : 39,Ketat
unud-kedokteran,511001,Kedokteran,Medicine,S1,Saintek,UNUD,Universitas Udayana,Badung / Denpasar,Bali,PTN-BLU,Unggul,50,1680,1590,1510,2.98,1 : 34,Ketat,85,3280,3110,2960,2.59,1 : 39,Ketat
its-arsitektur,382006,Arsitektur,Architecture,S1,Saintek,ITS,Institut Teknologi Sepuluh Nopember,Surabaya,Jawa Timur,PTN-BH,Unggul,30,980,920,870,3.06,1 : 33,Ketat,50,1920,1820,1730,2.6,1 : 38,Ketat
undip-psikologi,351004,Psikologi,Psychology,S1,Soshum,UNDIP,Universitas Diponegoro,Semarang,Jawa Tengah,PTN-BH,Unggul,85,3680,3490,3310,2.31,1 : 43,Sangat Ketat,140,5380,5120,4890,2.6,1 : 38,Ketat
unhas-farmasi,711002,Farmasi,Pharmacy,S1,Saintek,UNHAS,Universitas Hasanuddin,Makassar,Sulawesi Selatan,PTN-BH,Unggul,40,1480,1390,1320,2.7,1 : 37,Ketat,70,2680,2540,2420,2.61,1 : 38,Ketat
undip-manajemen,351006,Manajemen,Management,S1,Soshum,UNDIP,Universitas Diponegoro,Semarang,Jawa Tengah,PTN-BH,Unggul,80,3120,2960,2810,2.56,1 : 39,Ketat,130,4890,4650,4440,2.66,1 : 38,Ketat
usu-farmasi,121002,Farmasi,Pharmacy,S1,Saintek,USU,Universitas Sumatera Utara,Medan,Sumatera Utara,PTN-BH,Unggul,40,1380,1310,1240,2.9,1 : 34,Ketat,70,2590,2450,2330,2.7,1 : 37,Ketat
unhas-manajemen,711005,Manajemen,Management,S1,Soshum,UNHAS,Universitas Hasanuddin,Makassar,Sulawesi Selatan,PTN-BH,Unggul,65,2580,2440,2320,2.52,1 : 40,Ketat,110,4080,3870,3690,2.7,1 : 37,Ketat
ui-ilmu-hukum,311008,Ilmu Hukum,Law / Legal Studies,S1,Soshum,UI,Universitas Indonesia,Depok,Jawa Barat / DKI Jakarta,PTN-BH,Unggul,90,3210,3050,2890,2.8,1 : 36,Ketat,150,5420,5190,4980,2.77,1 : 36,Ketat
itb-teknik-elektro,332004,Teknik Elektro,Electrical Engineering,S1,Saintek,ITB,Institut Teknologi Bandung,Bandung,Jawa Barat,PTN-BH,Unggul,40,1320,1250,1190,3.03,1 : 33,Ketat,68,2450,2320,2210,2.78,1 : 36,Ketat
unud-farmasi,511002,Farmasi,Pharmacy,S1,Saintek,UNUD,Universitas Udayana,Badung / Denpasar,Bali,PTN-BLU,Unggul,35,1120,1060,1010,3.12,1 : 32,Ketat,60,2150,2040,1940,2.79,1 : 36,Ketat
ugm-ilmu-hukum,341009,Ilmu Hukum,Law / Legal Studies,S1,Soshum,UGM,Universitas Gadjah Mada,Sleman / Yogyakarta,D.I. Yogyakarta,PTN-BH,Unggul,99,3890,3690,3510,2.54,1 : 39,Ketat,165,5890,5620,5380,2.8,1 : 36,Ketat
ub-psikologi,371006,Psikologi,Psychology,S1,Soshum,UB,Universitas Brawijaya,Malang,Jawa Timur,PTN-BH,Unggul,85,3380,3210,3050,2.51,1 : 40,Ketat,140,4980,4740,4520,2.81,1 : 36,Ketat
ui-akuntansi,311011,Akuntansi,Accounting,S1,Soshum,UI,Universitas Indonesia,Depok,Jawa Barat / DKI Jakarta,PTN-BH,Unggul,55,1980,1890,1780,2.78,1 : 36,Ketat,90,3150,3010,2890,2.86,1 : 35,Ketat
ui-teknik-industri,311006,Teknik Industri,Industrial Engineering,S1,Saintek,UI,Universitas Indonesia,Depok,Jawa Barat / DKI Jakarta,PTN-BH,Unggul,29,790,740,710,3.67,1 : 27,Ketat,48,1640,1560,1490,2.93,1 : 34,Ketat
unand-farmasi,131002,Farmasi,Pharmacy,S1,Saintek,UNAND,Universitas Andalas,Padang,Sumatera Barat,PTN-BH,Unggul,40,1280,1210,1150,3.12,1 : 32,Ketat,70,2380,2260,2150,2.94,1 : 34,Ketat
its-statistika,382007,Statistika,Statistics / Data Science,S1,Saintek,ITS,Institut Teknologi Sepuluh Nopember,Surabaya,Jawa Timur,PTN-BH,Unggul,30,890,840,790,3.37,1 : 30,Ketat,50,1680,1590,1510,2.98,1 : 34,Ketat
its-teknik-industri,382003,Teknik Industri,Industrial Engineering,S1,Saintek,ITS,Institut Teknologi Sepuluh Nopember,Surabaya,Jawa Timur,PTN-BH,Unggul,45,1280,1210,1150,3.52,1 : 28,Ketat,75,2490,2360,2250,3.01,1 : 33,Ketat
unair-farmasi,381002,Farmasi,Pharmacy,S1,Saintek,UNAIR,Universitas Airlangga,Surabaya,Jawa Timur,PTN-BH,Unggul,55,1650,1560,1480,3.33,1 : 30,Ketat,90,2980,2830,2710,3.02,1 : 33,Ketat
ub-ilmu-komunikasi,371008,Ilmu Komunikasi,Communication Studies,S1,Soshum,UB,Universitas Brawijaya,Malang,Jawa Timur,PTN-BH,Unggul,80,2890,2740,2600,2.77,1 : 36,Ketat,130,4280,4070,3880,3.04,1 : 33,Ketat
ugm-farmasi,341003,Farmasi,Pharmacy,S1,Saintek,UGM,Universitas Gadjah Mada,Sleman / Yogyakarta,D.I. Yogyakarta,PTN-BH,Unggul,60,1780,1690,1590,3.37,1 : 30,Ketat,100,3280,3120,2980,3.05,1 : 33,Ketat
ugm-teknik-industri,341006,Teknik Industri,Industrial Engineering,S1,Saintek,UGM,Universitas Gadjah Mada,Sleman / Yogyakarta,D.I. Yogyakarta,PTN-BH,Unggul,42,1190,1120,1070,3.53,1 : 28,Ketat,70,2290,2170,2080,3.06,1 : 33,Ketat
itb-teknik-sipil,332005,Teknik Sipil,Civil Engineering,S1,Saintek,ITB,Institut Teknologi Bandung,Bandung,Jawa Barat,PTN-BH,Unggul,42,1210,1150,1090,3.47,1 : 29,Ketat,70,2280,2170,2060,3.07,1 : 33,Ketat
unair-manajemen,381007,Manajemen,Management,S1,Soshum,UNAIR,Universitas Airlangga,Surabaya,Jawa Timur,PTN-BH,Unggul,75,2450,2320,2210,3.06,1 : 33,Ketat,120,3890,3700,3540,3.08,1 : 32,Ketat
unair-ilmu-hukum,381006,Ilmu Hukum,Law / Legal Studies,S1,Soshum,UNAIR,Universitas Airlangga,Surabaya,Jawa Timur,PTN-BH,Unggul,80,2780,2630,2510,2.88,1 : 35,Ketat,130,4190,3990,3820,3.1,1 : 32,Ketat
ub-sistem-informasi,371003,Sistem Informasi,Information Systems,S1,Saintek,UB,Universitas Brawijaya,Malang,Jawa Timur,PTN-BH,Unggul,55,1680,1590,1510,3.27,1 : 31,Ketat,90,2890,2740,2610,3.11,1 : 32,Ketat
unair-kedokteran-gigi,381003,Kedokteran Gigi,Dentistry,S1,Saintek,UNAIR,Universitas Airlangga,Surabaya,Jawa Timur,PTN-BH,Unggul,40,1120,1060,1010,3.57,1 : 28,Ketat,65,2050,1950,1860,3.17,1 : 32,Ketat
unud-manajemen,511005,Manajemen,Management,S1,Soshum,UNUD,Universitas Udayana,Badung / Denpasar,Bali,PTN-BLU,Unggul,70,2380,2250,2140,2.94,1 : 34,Ketat,120,3680,3490,3320,3.26,1 : 31,Ketat
ui-teknik-elektro,311007,Teknik Elektro,Electrical Engineering,S1,Saintek,UI,Universitas Indonesia,Depok,Jawa Barat / DKI Jakarta,PTN-BH,Unggul,25,630,590,570,3.97,1 : 25,Ketat,42,1280,1210,1150,3.28,1 : 30,Ketat
ugm-kedokteran-gigi,341004,Kedokteran Gigi,Dentistry,S1,Saintek,UGM,Universitas Gadjah Mada,Sleman / Yogyakarta,D.I. Yogyakarta,PTN-BH,Unggul,40,1080,1020,960,3.7,1 : 27,Ketat,65,1980,1870,1780,3.28,1 : 30,Ketat
ipb-statistika,322002,Statistika,Statistics / Data Science,S1,Saintek,IPB,IPB University,Bogor,Jawa Barat,PTN-BH,Unggul,35,940,890,840,3.72,1 : 27,Ketat,60,1780,1690,1610,3.37,1 : 30,Ketat
ub-manajemen,371007,Manajemen,Management,S1,Soshum,UB,Universitas Brawijaya,Malang,Jawa Timur,PTN-BH,Unggul,110,3580,3390,3220,3.07,1 : 33,Ketat,180,5280,5020,4790,3.41,1 : 29,Ketat
unpad-ilmu-hukum,331005,Ilmu Hukum,Law / Legal Studies,S1,Soshum,UNPAD,Universitas Padjadjaran,Sumedang / Bandung,Jawa Barat,PTN-BH,Unggul,120,3890,3690,3510,3.08,1 : 32,Ketat,200,5780,5490,5230,3.46,1 : 29,Ketat
its-teknik-sipil,382004,Teknik Sipil,Civil Engineering,S1,Saintek,ITS,Institut Teknologi Sepuluh Nopember,Surabaya,Jawa Timur,PTN-BH,Unggul,45,1080,1020,970,4.17,1 : 24,Ketat,75,2150,2040,1950,3.49,1 : 29,Ketat
unhas-ilmu-hukum,711004,Ilmu Hukum,Law / Legal Studies,S1,Soshum,UNHAS,Universitas Hasanuddin,Makassar,Sulawesi Selatan,PTN-BH,Unggul,110,3280,3110,2950,3.35,1 : 30,Ketat,185,4890,4640,4420,3.78,1 : 26,Ketat
its-teknik-elektro,382005,Teknik Elektro,Electrical Engineering,S1,Saintek,ITS,Institut Teknologi Sepuluh Nopember,Surabaya,Jawa Timur,PTN-BH,Unggul,45,980,930,890,4.59,1 : 22,Ketat,75,1980,1880,1790,3.79,1 : 26,Ketat
usu-ilmu-hukum,121004,Ilmu Hukum,Law / Legal Studies,S1,Soshum,USU,Universitas Sumatera Utara,Medan,Sumatera Utara,PTN-BH,Unggul,120,3450,3270,3110,3.48,1 : 29,Ketat,200,5120,4860,4630,3.91,1 : 26,Ketat
ugm-teknik-sipil,341005,Teknik Sipil,Civil Engineering,S1,Saintek,UGM,Universitas Gadjah Mada,Sleman / Yogyakarta,D.I. Yogyakarta,PTN-BH,Unggul,50,1120,1060,1010,4.46,1 : 22,Ketat,85,2150,2040,1950,3.95,1 : 25,Ketat
uns-teknik-sipil,352004,Teknik Sipil,Civil Engineering,S1,Saintek,UNS,Universitas Sebelas Maret,Surakarta,Jawa Tengah,PTN-BH,Unggul,45,980,930,880,4.59,1 : 22,Ketat,75,1890,1790,1710,3.97,1 : 25,Ketat
undip-ilmu-hukum,351005,Ilmu Hukum,Law / Legal Studies,S1,Soshum,UNDIP,Universitas Diponegoro,Semarang,Jawa Tengah,PTN-BH,Unggul,180,4580,4350,4140,3.93,1 : 25,Ketat,300,6890,6560,6280,4.35,1 : 23,Ketat
uns-ilmu-hukum,352006,Ilmu Hukum,Law / Legal Studies,S1,Soshum,UNS,Universitas Sebelas Maret,Surakarta,Jawa Tengah,PTN-BH,Unggul,140,3450,3270,3110,4.06,1 : 25,Ketat,230,5120,4870,4640,4.49,1 : 22,Ketat
ub-ilmu-hukum,371005,Ilmu Hukum,Law / Legal Studies,S1,Soshum,UB,Universitas Brawijaya,Malang,Jawa Timur,PTN-BH,Unggul,160,3980,3770,3580,4.02,1 : 25,Ketat,270,5980,5690,5430,4.52,1 : 22,Ketat
unud-ilmu-hukum,511004,Ilmu Hukum,Law / Legal Studies,S1,Soshum,UNUD,Universitas Udayana,Badung / Denpasar,Bali,PTN-BLU,Unggul,110,2680,2540,2410,4.1,1 : 24,Ketat,180,3980,3780,3600,4.52,1 : 22,Ketat
unand-ilmu-hukum,131004,Ilmu Hukum,Law / Legal Studies,S1,Soshum,UNAND,Universitas Andalas,Padang,Sumatera Barat,PTN-BH,Unggul,130,2980,2820,2680,4.36,1 : 23,Ketat,220,4450,4230,4030,4.94,1 : 20,Ketat
